CellType,HR,pvalue,n_samples
BM_CD16 monocyte,3.28667389119774,0.043048383070165466,150
